{
  "version": "1.0",
  "descripcion": "Modelo de scoring para selección de ambulancias — Valencia",
  "features": [
    "distancia_km",
    "urgencia_cod",
    "carga_zona",
    "unidades_libres",
    "es_punta"
  ],
  "intercepto": 8.868986,
  "coeficientes": {
    "distancia_km": 3.516900256083978,
    "urgencia_cod": -0.9375473582370236,
    "carga_zona": 0.8699255064006782,
    "unidades_libres": -0.2506525373066949,
    "es_punta": 1.190169994783787
  },
  "scaler_mean": {
    "distancia_km": 5.555115,
    "urgencia_cod": 1.13,
    "carga_zona": 2.1282,
    "unidades_libres": 1.8714,
    "es_punta": 0.3492
  },
  "scaler_std": {
    "distancia_km": 3.127847084589494,
    "urgencia_cod": 0.7588807547961669,
    "carga_zona": 1.6612539721547697,
    "unidades_libres": 0.7955262660654266,
    "es_punta": 0.47671727470273195
  },
  "metricas": {
    "mae_rf_min": 1.307,
    "rmse_rf_min": 1.665,
    "r2_rf": 0.862,
    "r2_scoring_lineal": 0.763,
    "n_samples": 5000
  },
  "pesos_interpretados": {
    "w_tiempo_llegada": 1.0,
    "w_carga_zona": 0.8699255064006782,
    "w_unidades_libres": 0.2506525373066949,
    "w_hora_punta": 1.190169994783787,
    "w_urgencia": -0.9375473582370236
  }
}